,week,day,Date,time,HomeTeam,home_xg,score,away_xg,AwayTeam,attendance,venue,Referee,match_report,notes,game_id,BbAv>2.5,BbAv<2.5,BbAvH,BbAvD,BbAvA,Venue
0,1,Fri,2023-08-11,19:30,Almería,1.4,0–2,2.1,Rayo Vallecano,14837,Power Horse Stadium,Alberola Rojas,/en/matches/30d3212e/Almeria-Rayo-Vallecano-August-11-2023-La-Liga,,30d3212e,,,,,,Home
1,1,Fri,2023-08-11,22:00,Sevilla,0.7,1–2,1.1,Valencia,34184,Estadio Ramón Sánchez Pizjuán,José Sánchez,/en/matches/525758cc/Sevilla-Valencia-August-11-2023-La-Liga,,525758cc,,,,,,Home
2,1,Sat,2023-08-12,21:30,Athletic Club,0.4,0–2,0.9,Real Madrid,48927,San Mamés,Jesús Gil,/en/matches/c31f0a31/Athletic-Club-Real-Madrid-August-12-2023-La-Liga,,c31f0a31,,,,,,Home
3,1,Sat,2023-08-12,18:30,Las Palmas,0.9,1–1,1.6,Mallorca,,Estadio de Gran Canaria,Víctor García,/en/matches/8c6555db/Las-Palmas-Mallorca-August-12-2023-La-Liga,,8c6555db,,,,,,Home
4,1,Sat,2023-08-12,17:00,Real Sociedad,1.0,1–1,0.8,Girona,30848,Reale Arena,Francisco Hernández,/en/matches/706596c6/Real-Sociedad-Girona-August-12-2023-La-Liga,,706596c6,,,,,,Home
5,1,Sun,2023-08-13,17:00,Celta Vigo,1.0,0–2,1.0,Osasuna,20269,Estadio de Balaídos,Pablo González,/en/matches/8689fb39/Celta-Vigo-Osasuna-August-13-2023-La-Liga,,8689fb39,,,,,,Home
6,1,Sun,2023-08-13,21:30,Getafe,0.6,0–0,1.4,Barcelona,13410,Coliseum Alfonso Pérez,César Soto,/en/matches/b34ff242/Getafe-Barcelona-August-13-2023-La-Liga,,b34ff242,,,,,,Home
7,1,Sun,2023-08-13,19:30,Villarreal,0.9,1–2,1.1,Betis,17825,Estadio de la Cerámica,Miguel Ángel Ortiz Arias,/en/matches/b8258a85/Villarreal-Real-Betis-August-13-2023-La-Liga,,b8258a85,,,,,,Home
8,1,Mon,2023-08-14,21:30,Atlético Madrid,2.4,3–1,0.9,Granada,56164,Estadio Cívitas Metropolitano,Juan Pulido,/en/matches/a96e4e26/Atletico-Madrid-Granada-August-14-2023-La-Liga,,a96e4e26,,,,,,Home
9,1,Mon,2023-08-14,19:30,Cádiz,0.7,1–0,0.3,Alavés,19306,Estadio Nuevo Mirandilla,Isidro Díaz de Mera,/en/matches/c36e6859/Cadiz-Alaves-August-14-2023-La-Liga,,c36e6859,,,,,,Home
10,2,Fri,2023-08-18,19:30,Mallorca,0.4,0–1,1.8,Villarreal,17775,Iberostar Estadi,Alberola Rojas,/en/matches/d447f323/Mallorca-Villarreal-August-18-2023-La-Liga,,d447f323,,,,,,Home
11,2,Fri,2023-08-18,21:30,Valencia,1.5,1–0,0.5,Las Palmas,41053,Estadio de Mestalla,Javier Villanueva,/en/matches/8766ab05/Valencia-Las-Palmas-August-18-2023-La-Liga,,8766ab05,,,,,,Home
12,2,Sat,2023-08-19,19:30,Almería,1.3,1–3,2.0,Real Madrid,17561,Power Horse Stadium,José Sánchez,/en/matches/33737218/Almeria-Real-Madrid-August-19-2023-La-Liga,,33737218,,,,,,Home
13,2,Sat,2023-08-19,21:30,Osasuna,1.3,0–2,1.5,Athletic Club,20704,Estadio El Sadar,José Luis Munuera,/en/matches/0df06b3f/Osasuna-Athletic-Club-August-19-2023-La-Liga,,0df06b3f,,,,,,Home
14,2,Sat,2023-08-19,17:00,Real Sociedad,0.7,1–1,1.0,Celta Vigo,30354,Reale Arena,Miguel Ángel Ortiz Arias,/en/matches/406ca8c9/Real-Sociedad-Celta-Vigo-August-19-2023-La-Liga,,406ca8c9,,,,,,Home
15,2,Sun,2023-08-20,19:30,Barcelona,3.4,2–0,1.1,Cádiz,39603,Estadi Olímpic Lluís Companys,Alejandro Muñíz,/en/matches/312852e3/Barcelona-Cadiz-August-20-2023-La-Liga,,312852e3,,,,,,Home
16,2,Sun,2023-08-20,21:30,Betis,0.7,0–0,0.5,Atlético Madrid,51782,Estadio Benito Villamarín,Ricardo de Burgos,/en/matches/95634760/Real-Betis-Atletico-Madrid-August-20-2023-La-Liga,,95634760,,,,,,Home
17,2,Sun,2023-08-20,19:00,Girona,1.4,3–0,0.7,Getafe,11784,Estadi Municipal de Montilivi,Jorge Figueroa,/en/matches/e8867e6b/Girona-Getafe-August-20-2023-La-Liga,,e8867e6b,,,,,,Home
18,2,Mon,2023-08-21,19:00,Alavés,1.8,4–3,0.6,Sevilla,15308,Estadio de Mendizorroza,Guillermo Cuadra,/en/matches/8cd38a49/Alaves-Sevilla-August-21-2023-La-Liga,,8cd38a49,,,,,,Home
19,2,Mon,2023-08-21,21:30,Granada,1.2,0–2,2.1,Rayo Vallecano,17338,Estadio Nuevo Los Cármenes,Pablo González,/en/matches/bc9648bc/Granada-Rayo-Vallecano-August-21-2023-La-Liga,,bc9648bc,,,,,,Home
20,3,Fri,2023-08-25,21:30,Celta Vigo,1.2,0–1,1.4,Real Madrid,23057,Estadio de Balaídos,Isidro Díaz de Mera,/en/matches/f414405a/Celta-Vigo-Real-Madrid-August-25-2023-La-Liga,,f414405a,,,,,,Home
21,3,Fri,2023-08-25,18:30,Las Palmas,0.9,0–0,1.0,Real Sociedad,25335,Estadio de Gran Canaria,Guillermo Cuadra,/en/matches/b2340056/Las-Palmas-Real-Sociedad-August-25-2023-La-Liga,,b2340056,,,,,,Home
22,3,Sat,2023-08-26,19:00,Cádiz,1.6,1–1,0.3,Almería,18653,Estadio Nuevo Mirandilla,Víctor García,/en/matches/6a02cbec/Cadiz-Almeria-August-26-2023-La-Liga,,6a02cbec,,,,,,Home
23,3,Sat,2023-08-26,19:30,Granada,1.4,3–2,2.6,Mallorca,16368,Estadio Nuevo Los Cármenes,Francisco Hernández,/en/matches/e249c708/Granada-Mallorca-August-26-2023-La-Liga,,e249c708,,,,,,Home
24,3,Sat,2023-08-26,21:30,Sevilla,1.7,1–2,1.7,Girona,29304,Estadio Ramón Sánchez Pizjuán,Jesús Gil,/en/matches/3aed0598/Sevilla-Girona-August-26-2023-La-Liga,,3aed0598,,,,,,Home
25,3,Sun,2023-08-27,21:30,Athletic Club,2.9,4–2,0.4,Betis,44340,San Mamés,César Soto,/en/matches/d99a5d06/Athletic-Club-Real-Betis-August-27-2023-La-Liga,,d99a5d06,,,,,,Home
26,3,Sun,2023-08-27,19:30,Valencia,1.7,1–2,1.2,Osasuna,42474,Estadio de Mestalla,Juan Pulido,/en/matches/804cc411/Valencia-Osasuna-August-27-2023-La-Liga,,804cc411,,,,,,Home
27,3,Sun,2023-08-27,17:30,Villarreal,1.9,3–4,3.1,Barcelona,21679,Estadio de la Cerámica,Alejandro Hernández,/en/matches/b10c7abc/Villarreal-Barcelona-August-27-2023-La-Liga,,b10c7abc,,,,,,Home
28,3,Mon,2023-08-28,19:30,Getafe,2.2,1–0,0.7,Alavés,11023,Coliseum Alfonso Pérez,Juan Martínez,/en/matches/74b34796/Getafe-Alaves-August-28-2023-La-Liga,,74b34796,,,,,,Home
29,3,Mon,2023-08-28,21:30,Rayo Vallecano,0.6,0–7,3.4,Atlético Madrid,13966,Estadio del Rayo Vallecano,José Luis Munuera,/en/matches/bec04e9b/Rayo-Vallecano-Atletico-Madrid-August-28-2023-La-Liga,,bec04e9b,,,,,,Home
30,4,Fri,2023-09-01,22:00,Almería,3.0,2–3,1.5,Celta Vigo,14196,Power Horse Stadium,Ricardo de Burgos,/en/matches/979e8388/Almeria-Celta-Vigo-September-1-2023-La-Liga,,979e8388,,,,,,Home
31,4,Fri,2023-09-01,19:30,Cádiz,2.1,3–1,0.3,Villarreal,18557,Estadio Nuevo Mirandilla,Juan Pulido,/en/matches/eb5232b2/Cadiz-Villarreal-September-1-2023-La-Liga,,eb5232b2,,,,,,Home
32,4,Sat,2023-09-02,18:30,Alavés,1.3,1–0,0.8,Valencia,16641,Estadio de Mendizorroza,Pablo González,/en/matches/3a3b9504/Alaves-Valencia-September-2-2023-La-Liga,,3a3b9504,,,,,,Home
33,4,Sat,2023-09-02,21:00,Betis,1.0,1–0,1.5,Rayo Vallecano,50619,Estadio Benito Villamarín,Alejandro Muñíz,/en/matches/b11051a5/Real-Betis-Rayo-Vallecano-September-2-2023-La-Liga,,b11051a5,,,,,,Home
34,4,Sat,2023-09-02,16:15,Real Madrid,2.8,2–1,0.4,Getafe,66747,Estadio Santiago Bernabéu,Mario Melero,/en/matches/2b3c0a99/Real-Madrid-Getafe-September-2-2023-La-Liga,,2b3c0a99,,,,,,Home
35,4,Sat,2023-09-02,14:00,Real Sociedad,2.3,5–3,0.8,Granada,27808,Reale Arena,Javier Villanueva,/en/matches/e1fd4178/Real-Sociedad-Granada-September-2-2023-La-Liga,,e1fd4178,,,,,,Home
36,4,Sun,2023-09-03,14:00,Girona,1.0,1–0,1.1,Las Palmas,11619,Estadi Municipal de Montilivi,Mateo Busquets,/en/matches/8dd16257/Girona-Las-Palmas-September-3-2023-La-Liga,,8dd16257,,,,,,Home
37,4,Sun,2023-09-03,16:15,Mallorca,0.4,0–0,0.6,Athletic Club,17043,Iberostar Estadi,Jorge Figueroa,/en/matches/046e92d8/Mallorca-Athletic-Club-September-3-2023-La-Liga,,046e92d8,,,,,,Home
38,4,Sun,2023-09-03,21:00,Osasuna,0.8,1–2,2.0,Barcelona,21966,Estadio El Sadar,Miguel Ángel Ortiz Arias,/en/matches/de343043/Osasuna-Barcelona-September-3-2023-La-Liga,,de343043,,,,,,Home
39,5,Fri,2023-09-15,21:00,Rayo Vallecano,2.6,2–0,0.7,Alavés,12116,Estadio del Rayo Vallecano,Víctor García,/en/matches/24453748/Rayo-Vallecano-Alaves-September-15-2023-La-Liga,,24453748,,,,,,Home
40,5,Sat,2023-09-16,14:00,Athletic Club,2.9,3–0,0.3,Cádiz,42881,San Mamés,Guillermo Cuadra,/en/matches/9b96c6da/Athletic-Club-Cadiz-September-16-2023-La-Liga,,9b96c6da,,,,,,Home
41,5,Sat,2023-09-16,21:00,Barcelona,2.4,5–0,0.8,Betis,45055,Estadi Olímpic Lluís Companys,José Sánchez,/en/matches/91deddae/Barcelona-Real-Betis-September-16-2023-La-Liga,,91deddae,,,,,,Home
42,5,Sat,2023-09-16,18:30,Celta Vigo,1.3,0–1,0.8,Mallorca,18693,Estadio de Balaídos,José Luis Munuera,/en/matches/1e04d474/Celta-Vigo-Mallorca-September-16-2023-La-Liga,,1e04d474,,,,,,Home
43,5,Sat,2023-09-16,16:15,Valencia,1.3,3–0,0.6,Atlético Madrid,45363,Estadio de Mestalla,Jesús Gil,/en/matches/26f7f1a6/Valencia-Atletico-Madrid-September-16-2023-La-Liga,,26f7f1a6,,,,,,Home
44,5,Sun,2023-09-17,14:00,Getafe,0.5,3–2,1.1,Osasuna,9808,Coliseum Alfonso Pérez,Alejandro Hernández,/en/matches/c12983f1/Getafe-Osasuna-September-17-2023-La-Liga,,c12983f1,,,,,,Home
45,5,Sun,2023-09-17,21:00,Real Madrid,2.0,2–1,1.6,Real Sociedad,70092,Estadio Santiago Bernabéu,César Soto,/en/matches/c0a04549/Real-Madrid-Real-Sociedad-September-17-2023-La-Liga,,c0a04549,,,,,,Home
46,5,Sun,2023-09-17,18:30,Sevilla,1.7,1–0,1.0,Las Palmas,40578,Estadio Ramón Sánchez Pizjuán,Juan Martínez,/en/matches/b1d20065/Sevilla-Las-Palmas-September-17-2023-La-Liga,,b1d20065,,,,,,Home
47,5,Sun,2023-09-17,16:15,Villarreal,0.9,2–1,1.5,Almería,18467,Estadio de la Cerámica,Francisco Hernández,/en/matches/c16dfe0b/Villarreal-Almeria-September-17-2023-La-Liga,,c16dfe0b,,,,,,Home
48,5,Mon,2023-09-18,21:00,Granada,1.6,2–4,2.8,Girona,17323,Estadio Nuevo Los Cármenes,Isidro Díaz de Mera,/en/matches/5f245c9f/Granada-Girona-September-18-2023-La-Liga,,5f245c9f,,,,,,Home
49,6,Fri,2023-09-22,21:00,Alavés,1.1,0–2,1.7,Athletic Club,19421,Estadio de Mendizorroza,Alejandro Muñíz,/en/matches/b058555b/Alaves-Athletic-Club-September-22-2023-La-Liga,,b058555b,,,,,,Home
50,6,Sat,2023-09-23,21:00,Almería,2.6,2–2,0.8,Valencia,14266,Power Horse Stadium,Mateo Busquets,/en/matches/e5d13d76/Almeria-Valencia-September-23-2023-La-Liga,,e5d13d76,,,,,,Home
51,6,Sat,2023-09-23,18:30,Barcelona,1.6,3–2,1.5,Celta Vigo,43272,Estadi Olímpic Lluís Companys,Mario Melero,/en/matches/027eed9e/Barcelona-Celta-Vigo-September-23-2023-La-Liga,,027eed9e,,,,,,Home
52,6,Sat,2023-09-23,14:00,Girona,3.2,5–3,1.8,Mallorca,11511,Estadi Municipal de Montilivi,Pablo González,/en/matches/d6d3de2f/Girona-Mallorca-September-23-2023-La-Liga,,d6d3de2f,,,,,,Home
53,6,Sat,2023-09-23,16:15,Osasuna,1.4,0–0,0.8,Sevilla,19670,Estadio El Sadar,Javier Villanueva,/en/matches/72741505/Osasuna-Sevilla-September-23-2023-La-Liga,,72741505,,,,,,Home
54,6,Sun,2023-09-24,21:00,Atlético Madrid,1.4,3–1,1.0,Real Madrid,69082,Estadio Cívitas Metropolitano,Alberola Rojas,/en/matches/f535ba0a/El-Derbi-Madrileno-Atletico-Madrid-Real-Madrid-September-24-2023-La-Liga,,f535ba0a,,,,,,Home
55,6,Sun,2023-09-24,18:30,Betis,1.8,1–1,0.2,Cádiz,56087,Estadio Benito Villamarín,Miguel Ángel Ortiz Arias,/en/matches/a41377f4/Real-Betis-Cadiz-September-24-2023-La-Liga,,a41377f4,,,,,,Home
56,6,Sun,2023-09-24,17:30,Las Palmas,0.6,1–0,0.0,Granada,24848,Estadio de Gran Canaria,Ricardo de Burgos,/en/matches/0cfa1fb6/Las-Palmas-Granada-September-24-2023-La-Liga,,0cfa1fb6,,,,,,Home
57,6,Sun,2023-09-24,16:15,Rayo Vallecano,1.2,1–1,1.6,Villarreal,12865,Estadio del Rayo Vallecano,Jorge Figueroa,/en/matches/3ad7ddfb/Rayo-Vallecano-Villarreal-September-24-2023-La-Liga,,3ad7ddfb,,,,,,Home
58,6,Sun,2023-09-24,14:00,Real Sociedad,2.0,4–3,1.4,Getafe,29568,Reale Arena,Juan Pulido,/en/matches/3e8c7ee8/Real-Sociedad-Getafe-September-24-2023-La-Liga,,3e8c7ee8,,,,,,Home
59,7,Tue,2023-09-26,21:30,Mallorca,0.8,2–2,1.9,Barcelona,19939,Iberostar Estadi,Alejandro Muñíz,/en/matches/c95852d8/Mallorca-Barcelona-September-26-2023-La-Liga,,c95852d8,,,,,,Home
60,7,Tue,2023-09-26,19:00,Sevilla,2.2,5–1,1.8,Almería,35729,Estadio Ramón Sánchez Pizjuán,Guillermo Cuadra,/en/matches/1a0a12f3/Sevilla-Almeria-September-26-2023-La-Liga,,1a0a12f3,,,,,,Home
61,7,Wed,2023-09-27,19:00,Athletic Club,0.7,2–2,1.4,Getafe,43091,San Mamés,Isidro Díaz de Mera,/en/matches/5541c885/Athletic-Club-Getafe-September-27-2023-La-Liga,,5541c885,,,,,,Home
62,7,Wed,2023-09-27,21:30,Cádiz,0.6,0–0,0.3,Rayo Vallecano,18505,Estadio Nuevo Mirandilla,Francisco Hernández,/en/matches/2d774dd9/Cadiz-Rayo-Vallecano-September-27-2023-La-Liga,,2d774dd9,,,,,,Home
63,7,Wed,2023-09-27,19:00,Real Madrid,1.7,2–0,0.7,Las Palmas,65017,Estadio Santiago Bernabéu,José Luis Munuera,/en/matches/73c339f6/Real-Madrid-Las-Palmas-September-27-2023-La-Liga,,73c339f6,,,,,,Home
64,7,Wed,2023-09-27,21:30,Valencia,0.4,0–1,0.2,Real Sociedad,44200,Estadio de Mestalla,Alejandro Hernández,/en/matches/572551e5/Valencia-Real-Sociedad-September-27-2023-La-Liga,,572551e5,,,,,,Home
65,7,Wed,2023-09-27,19:00,Villarreal,1.8,1–2,2.1,Girona,17188,Estadio de la Cerámica,José Sánchez,/en/matches/7c83c807/Villarreal-Girona-September-27-2023-La-Liga,,7c83c807,,,,,,Home
66,7,Thu,2023-09-28,19:00,Celta Vigo,0.6,1–1,2.6,Alavés,16852,Estadio de Balaídos,César Soto,/en/matches/4f005fa8/Celta-Vigo-Alaves-September-28-2023-La-Liga,,4f005fa8,,,,,,Home
67,7,Thu,2023-09-28,19:00,Granada,1.8,1–1,0.9,Betis,18936,Estadio Nuevo Los Cármenes,Víctor García,/en/matches/6f6cb00d/Granada-Real-Betis-September-28-2023-La-Liga,,6f6cb00d,,,,,,Home
68,7,Thu,2023-09-28,21:30,Osasuna,1.0,0–2,1.5,Atlético Madrid,20192,Estadio El Sadar,Juan Martínez,/en/matches/006cb34c/Osasuna-Atletico-Madrid-September-28-2023-La-Liga,,006cb34c,,,,,,Home
69,8,Fri,2023-09-29,21:00,Barcelona,2.4,1–0,1.1,Sevilla,41116,Estadi Olímpic Lluís Companys,Miguel Ángel Ortiz Arias,/en/matches/c5fbae8a/Barcelona-Sevilla-September-29-2023-La-Liga,,c5fbae8a,,,,,,Home
70,8,Sat,2023-09-30,14:00,Getafe,0.9,0–0,0.1,Villarreal,11255,Coliseum Alfonso Pérez,Mateo Busquets,/en/matches/2fbd5e47/Getafe-Villarreal-September-30-2023-La-Liga,,2fbd5e47,,,,,,Home
71,8,Sat,2023-09-30,18:30,Girona,1.6,0–3,2.3,Real Madrid,14184,Estadi Municipal de Montilivi,Juan Pulido,/en/matches/253621ab/Girona-Real-Madrid-September-30-2023-La-Liga,,253621ab,,,,,,Home
72,8,Sat,2023-09-30,16:15,Rayo Vallecano,2.3,2–2,1.5,Mallorca,11991,Estadio del Rayo Vallecano,Mario Melero,/en/matches/32801dbc/Rayo-Vallecano-Mallorca-September-30-2023-La-Liga,,32801dbc,,,,,,Home
73,8,Sat,2023-09-30,21:00,Real Sociedad,1.4,3–0,1.8,Athletic Club,38229,Reale Arena,Jesús Gil,/en/matches/9689cb22/Real-Sociedad-Athletic-Club-September-30-2023-La-Liga,,9689cb22,,,,,,Home
74,8,Sun,2023-10-01,16:15,Alavés,1.5,0–2,1.1,Osasuna,19035,Estadio de Mendizorroza,Jorge Figueroa,/en/matches/3d120d0b/Alaves-Osasuna-October-1-2023-La-Liga,,3d120d0b,,,,,,Home
75,8,Sun,2023-10-01,14:00,Almería,2.9,3–3,2.9,Granada,14264,Power Horse Stadium,Pablo González,/en/matches/dd504406/Almeria-Granada-October-1-2023-La-Liga,,dd504406,,,,,,Home
76,8,Sun,2023-10-01,21:00,Atlético Madrid,2.7,3–2,0.8,Cádiz,53421,Estadio Cívitas Metropolitano,Javier Villanueva,/en/matches/0f112739/Atletico-Madrid-Cadiz-October-1-2023-La-Liga,,0f112739,,,,,,Home
77,8,Sun,2023-10-01,21:00,Betis,1.6,3–0,0.7,Valencia,50163,Estadio Benito Villamarín,Ricardo de Burgos,/en/matches/5668709c/Real-Betis-Valencia-October-1-2023-La-Liga,,5668709c,,,,,,Home
78,8,Mon,2023-10-02,20:00,Las Palmas,1.7,2–1,1.5,Celta Vigo,22472,Estadio de Gran Canaria,Alberola Rojas,/en/matches/b5b5ee07/Las-Palmas-Celta-Vigo-October-2-2023-La-Liga,,b5b5ee07,,,,,,Home
79,9,Fri,2023-10-06,21:00,Athletic Club,,,,Almería,,San Mamés,,,,,,,,,,Home
80,9,Sat,2023-10-07,14:00,Cádiz,,,,Girona,,Estadio Nuevo Mirandilla,,,,,,,,,,Home
81,9,Sat,2023-10-07,18:30,Mallorca,,,,Valencia,,Iberostar Estadi,,,,,,,,,,Home
82,9,Sat,2023-10-07,16:15,Real Madrid,,,,Osasuna,,Estadio Santiago Bernabéu,,,,,,,,,,Home
83,9,Sat,2023-10-07,21:00,Sevilla,,,,Rayo Vallecano,,Estadio Ramón Sánchez Pizjuán,,,,,,,,,,Home
84,9,Sun,2023-10-08,18:30,Alavés,,,,Betis,,Estadio de Mendizorroza,,,,,,,,,,Home
85,9,Sun,2023-10-08,16:15,Atlético Madrid,,,,Real Sociedad,,Estadio Cívitas Metropolitano,,,,,,,,,,Home
86,9,Sun,2023-10-08,18:30,Celta Vigo,,,,Getafe,,Estadio de Balaídos,,,,,,,,,,Home
87,9,Sun,2023-10-08,21:00,Granada,,,,Barcelona,,Estadio Nuevo Los Cármenes,,,,,,,,,,Home
88,9,Sun,2023-10-08,14:00,Villarreal,,,,Las Palmas,,Estadio de la Cerámica,,,,,,,,,,Home
89,10,Fri,2023-10-20,21:00,Osasuna,,,,Granada,,Estadio El Sadar,,,,,,,,,,Home
90,10,Sat,2023-10-21,21:00,Celta Vigo,,,,Atlético Madrid,,Estadio de Balaídos,,,,,,,,,,Home
91,10,Sat,2023-10-21,16:15,Getafe,,,,Betis,,Coliseum Alfonso Pérez,,,,,,,,,,Home
92,10,Sat,2023-10-21,14:00,Real Sociedad,,,,Mallorca,,Reale Arena,,,,,,,,,,Home
93,10,Sat,2023-10-21,18:30,Sevilla,,,,Real Madrid,,Estadio Ramón Sánchez Pizjuán,,,,,,,,,,Home
94,10,Sun,2023-10-22,21:00,Barcelona,,,,Athletic Club,,Estadi Olímpic Lluís Companys,,,,,,,,,,Home
95,10,Sun,2023-10-22,16:15,Girona,,,,Almería,,Estadi Municipal de Montilivi,,,,,,,,,,Home
96,10,Sun,2023-10-22,13:00,Las Palmas,,,,Rayo Vallecano,,Estadio de Gran Canaria,,,,,,,,,,Home
97,10,Sun,2023-10-22,18:30,Villarreal,,,,Alavés,,Estadio de la Cerámica,,,,,,,,,,Home
98,10,Mon,2023-10-23,21:00,Valencia,,,,Cádiz,,Estadio de Mestalla,,,,,,,,,,Home
99,11,Sat,2023-10-28,16:15,Barcelona,,,,Real Madrid,,Estadi Olímpic Lluís Companys,,,,,,,,,,Home
100,11,Sun,2023-10-29,,Almería,,,,Las Palmas,,Power Horse Stadium,,,,,,,,,,Home
101,11,Sun,2023-10-29,,Athletic Club,,,,Valencia,,San Mamés,,,,,,,,,,Home
102,11,Sun,2023-10-29,,Atlético Madrid,,,,Alavés,,Estadio Cívitas Metropolitano,,,,,,,,,,Home
103,11,Sun,2023-10-29,,Betis,,,,Osasuna,,Estadio Benito Villamarín,,,,,,,,,,Home
104,11,Sun,2023-10-29,,Cádiz,,,,Sevilla,,Estadio Nuevo Mirandilla,,,,,,,,,,Home
105,11,Sun,2023-10-29,,Girona,,,,Celta Vigo,,Estadi Municipal de Montilivi,,,,,,,,,,Home
106,11,Sun,2023-10-29,,Granada,,,,Villarreal,,Estadio Nuevo Los Cármenes,,,,,,,,,,Home
107,11,Sun,2023-10-29,,Mallorca,,,,Getafe,,Iberostar Estadi,,,,,,,,,,Home
108,11,Sun,2023-10-29,,Rayo Vallecano,,,,Real Sociedad,,Estadio del Rayo Vallecano,,,,,,,,,,Home
109,12,Sun,2023-11-05,,Alavés,,,,Almería,,Estadio de Mendizorroza,,,,,,,,,,Home
110,12,Sun,2023-11-05,,Betis,,,,Mallorca,,Estadio Benito Villamarín,,,,,,,,,,Home
111,12,Sun,2023-11-05,,Celta Vigo,,,,Sevilla,,Estadio de Balaídos,,,,,,,,,,Home
112,12,Sun,2023-11-05,,Getafe,,,,Cádiz,,Coliseum Alfonso Pérez,,,,,,,,,,Home
113,12,Sun,2023-11-05,,Las Palmas,,,,Atlético Madrid,,Estadio de Gran Canaria,,,,,,,,,,Home
114,12,Sun,2023-11-05,,Osasuna,,,,Girona,,Estadio El Sadar,,,,,,,,,,Home
115,12,Sun,2023-11-05,,Real Madrid,,,,Rayo Vallecano,,Estadio Santiago Bernabéu,,,,,,,,,,Home
116,12,Sun,2023-11-05,,Real Sociedad,,,,Barcelona,,Reale Arena,,,,,,,,,,Home
117,12,Sun,2023-11-05,,Valencia,,,,Granada,,Estadio de Mestalla,,,,,,,,,,Home
118,12,Sun,2023-11-05,,Villarreal,,,,Athletic Club,,Estadio de la Cerámica,,,,,,,,,,Home
119,13,Sun,2023-11-12,,Almería,,,,Real Sociedad,,Power Horse Stadium,,,,,,,,,,Home
120,13,Sun,2023-11-12,,Athletic Club,,,,Celta Vigo,,San Mamés,,,,,,,,,,Home
121,13,Sun,2023-11-12,,Atlético Madrid,,,,Villarreal,,Estadio Cívitas Metropolitano,,,,,,,,,,Home
122,13,Sun,2023-11-12,,Barcelona,,,,Alavés,,Estadi Olímpic Lluís Companys,,,,,,,,,,Home
123,13,Sun,2023-11-12,,Granada,,,,Getafe,,Estadio Nuevo Los Cármenes,,,,,,,,,,Home
124,13,Sun,2023-11-12,,Mallorca,,,,Cádiz,,Iberostar Estadi,,,,,,,,,,Home
125,13,Sun,2023-11-12,,Osasuna,,,,Las Palmas,,Estadio El Sadar,,,,,,,,,,Home
126,13,Sun,2023-11-12,,Rayo Vallecano,,,,Girona,,Estadio del Rayo Vallecano,,,,,,,,,,Home
127,13,Sun,2023-11-12,,Real Madrid,,,,Valencia,,Estadio Santiago Bernabéu,,,,,,,,,,Home
128,13,Sun,2023-11-12,,Sevilla,,,,Betis,,Estadio Ramón Sánchez Pizjuán,,,,,,,,,,Home
129,14,Sun,2023-11-26,,Alavés,,,,Granada,,Estadio de Mendizorroza,,,,,,,,,,Home
130,14,Sun,2023-11-26,,Atlético Madrid,,,,Mallorca,,Estadio Cívitas Metropolitano,,,,,,,,,,Home
131,14,Sun,2023-11-26,,Betis,,,,Las Palmas,,Estadio Benito Villamarín,,,,,,,,,,Home
132,14,Sun,2023-11-26,,Cádiz,,,,Real Madrid,,Estadio Nuevo Mirandilla,,,,,,,,,,Home
133,14,Sun,2023-11-26,,Getafe,,,,Almería,,Coliseum Alfonso Pérez,,,,,,,,,,Home
134,14,Sun,2023-11-26,,Girona,,,,Athletic Club,,Estadi Municipal de Montilivi,,,,,,,,,,Home
135,14,Sun,2023-11-26,,Rayo Vallecano,,,,Barcelona,,Estadio del Rayo Vallecano,,,,,,,,,,Home
136,14,Sun,2023-11-26,,Real Sociedad,,,,Sevilla,,Reale Arena,,,,,,,,,,Home
137,14,Sun,2023-11-26,,Valencia,,,,Celta Vigo,,Estadio de Mestalla,,,,,,,,,,Home
138,14,Sun,2023-11-26,,Villarreal,,,,Osasuna,,Estadio de la Cerámica,,,,,,,,,,Home
139,15,Sun,2023-12-03,,Almería,,,,Betis,,Power Horse Stadium,,,,,,,,,,Home
140,15,Sun,2023-12-03,,Athletic Club,,,,Rayo Vallecano,,San Mamés,,,,,,,,,,Home
141,15,Sun,2023-12-03,,Barcelona,,,,Atlético Madrid,,Estadi Olímpic Lluís Companys,,,,,,,,,,Home
142,15,Sun,2023-12-03,,Celta Vigo,,,,Cádiz,,Estadio de Balaídos,,,,,,,,,,Home
143,15,Sun,2023-12-03,,Girona,,,,Valencia,,Estadi Municipal de Montilivi,,,,,,,,,,Home
144,15,Sun,2023-12-03,,Las Palmas,,,,Getafe,,Estadio de Gran Canaria,,,,,,,,,,Home
145,15,Sun,2023-12-03,,Mallorca,,,,Alavés,,Iberostar Estadi,,,,,,,,,,Home
146,15,Sun,2023-12-03,,Osasuna,,,,Real Sociedad,,Estadio El Sadar,,,,,,,,,,Home
147,15,Sun,2023-12-03,,Real Madrid,,,,Granada,,Estadio Santiago Bernabéu,,,,,,,,,,Home
148,15,Sun,2023-12-03,,Sevilla,,,,Villarreal,,Estadio Ramón Sánchez Pizjuán,,,,,,,,,,Home
149,16,Sun,2023-12-10,,Alavés,,,,Las Palmas,,Estadio de Mendizorroza,,,,,,,,,,Home
150,16,Sun,2023-12-10,,Atlético Madrid,,,,Almería,,Estadio Cívitas Metropolitano,,,,,,,,,,Home
151,16,Sun,2023-12-10,,Barcelona,,,,Girona,,Estadi Olímpic Lluís Companys,,,,,,,,,,Home
152,16,Sun,2023-12-10,,Betis,,,,Real Madrid,,Estadio Benito Villamarín,,,,,,,,,,Home
153,16,Sun,2023-12-10,,Cádiz,,,,Osasuna,,Estadio Nuevo Mirandilla,,,,,,,,,,Home
154,16,Sun,2023-12-10,,Getafe,,,,Valencia,,Coliseum Alfonso Pérez,,,,,,,,,,Home
155,16,Sun,2023-12-10,,Granada,,,,Athletic Club,,Estadio Nuevo Los Cármenes,,,,,,,,,,Home
156,16,Sun,2023-12-10,,Mallorca,,,,Sevilla,,Iberostar Estadi,,,,,,,,,,Home
157,16,Sun,2023-12-10,,Rayo Vallecano,,,,Celta Vigo,,Estadio del Rayo Vallecano,,,,,,,,,,Home
158,16,Sun,2023-12-10,,Villarreal,,,,Real Sociedad,,Estadio de la Cerámica,,,,,,,,,,Home
159,17,Sun,2023-12-17,,Almería,,,,Mallorca,,Power Horse Stadium,,,,,,,,,,Home
160,17,Sun,2023-12-17,,Athletic Club,,,,Atlético Madrid,,San Mamés,,,,,,,,,,Home
161,17,Sun,2023-12-17,,Celta Vigo,,,,Granada,,Estadio de Balaídos,,,,,,,,,,Home
162,17,Sun,2023-12-17,,Girona,,,,Alavés,,Estadi Municipal de Montilivi,,,,,,,,,,Home
163,17,Sun,2023-12-17,,Las Palmas,,,,Cádiz,,Estadio de Gran Canaria,,,,,,,,,,Home
164,17,Sun,2023-12-17,,Osasuna,,,,Rayo Vallecano,,Estadio El Sadar,,,,,,,,,,Home
165,17,Sun,2023-12-17,,Real Madrid,,,,Villarreal,,Estadio Santiago Bernabéu,,,,,,,,,,Home
166,17,Sun,2023-12-17,,Real Sociedad,,,,Betis,,Reale Arena,,,,,,,,,,Home
167,17,Sun,2023-12-17,,Sevilla,,,,Getafe,,Estadio Ramón Sánchez Pizjuán,,,,,,,,,,Home
168,17,Sun,2023-12-17,,Valencia,,,,Barcelona,,Estadio de Mestalla,,,,,,,,,,Home
169,18,Wed,2023-12-20,,Alavés,,,,Real Madrid,,Estadio de Mendizorroza,,,,,,,,,,Home
170,18,Wed,2023-12-20,,Athletic Club,,,,Las Palmas,,San Mamés,,,,,,,,,,Home
171,18,Wed,2023-12-20,,Atlético Madrid,,,,Getafe,,Estadio Cívitas Metropolitano,,,,,,,,,,Home
172,18,Wed,2023-12-20,,Barcelona,,,,Almería,,Estadi Olímpic Lluís Companys,,,,,,,,,,Home
173,18,Wed,2023-12-20,,Betis,,,,Girona,,Estadio Benito Villamarín,,,,,,,,,,Home
174,18,Wed,2023-12-20,,Cádiz,,,,Real Sociedad,,Estadio Nuevo Mirandilla,,,,,,,,,,Home
175,18,Wed,2023-12-20,,Granada,,,,Sevilla,,Estadio Nuevo Los Cármenes,,,,,,,,,,Home
176,18,Wed,2023-12-20,,Mallorca,,,,Osasuna,,Iberostar Estadi,,,,,,,,,,Home
177,18,Wed,2023-12-20,,Rayo Vallecano,,,,Valencia,,Estadio del Rayo Vallecano,,,,,,,,,,Home
178,18,Wed,2023-12-20,,Villarreal,,,,Celta Vigo,,Estadio de la Cerámica,,,,,,,,,,Home
179,4,Sat,2023-12-23,16:15,Atlético Madrid,,,,Sevilla,,Estadio Cívitas Metropolitano,,,,,,,,,,Home
180,19,Wed,2024-01-03,,Celta Vigo,,,,Betis,,Estadio de Balaídos,,,,,,,,,,Home
181,19,Wed,2024-01-03,,Getafe,,,,Rayo Vallecano,,Coliseum Alfonso Pérez,,,,,,,,,,Home
182,19,Wed,2024-01-03,,Girona,,,,Atlético Madrid,,Estadi Municipal de Montilivi,,,,,,,,,,Home
183,19,Wed,2024-01-03,,Granada,,,,Cádiz,,Estadio Nuevo Los Cármenes,,,,,,,,,,Home
184,19,Wed,2024-01-03,,Las Palmas,,,,Barcelona,,Estadio de Gran Canaria,,,,,,,,,,Home
185,19,Wed,2024-01-03,,Osasuna,,,,Almería,,Estadio El Sadar,,,,,,,,,,Home
186,19,Wed,2024-01-03,,Real Madrid,,,,Mallorca,,Estadio Santiago Bernabéu,,,,,,,,,,Home
187,19,Wed,2024-01-03,,Real Sociedad,,,,Alavés,,Reale Arena,,,,,,,,,,Home
188,19,Wed,2024-01-03,,Sevilla,,,,Athletic Club,,Estadio Ramón Sánchez Pizjuán,,,,,,,,,,Home
189,19,Wed,2024-01-03,,Valencia,,,,Villarreal,,Estadio de Mestalla,,,,,,,,,,Home
190,20,Sun,2024-01-14,,Almería,,,,Girona,,Power Horse Stadium,,,,,,,,,,Home
191,20,Sun,2024-01-14,,Athletic Club,,,,Real Sociedad,,San Mamés,,,,,,,,,,Home
192,20,Sun,2024-01-14,,Atlético Madrid,,,,Rayo Vallecano,,Estadio Cívitas Metropolitano,,,,,,,,,,Home
193,20,Sun,2024-01-14,,Barcelona,,,,Osasuna,,Estadi Olímpic Lluís Companys,,,,,,,,,,Home
194,20,Sun,2024-01-14,,Betis,,,,Granada,,Estadio Benito Villamarín,,,,,,,,,,Home
195,20,Sun,2024-01-14,,Cádiz,,,,Valencia,,Estadio Nuevo Mirandilla,,,,,,,,,,Home
196,20,Sun,2024-01-14,,Getafe,,,,Real Madrid,,Coliseum Alfonso Pérez,,,,,,,,,,Home
197,20,Sun,2024-01-14,,Las Palmas,,,,Villarreal,,Estadio de Gran Canaria,,,,,,,,,,Home
198,20,Sun,2024-01-14,,Mallorca,,,,Celta Vigo,,Iberostar Estadi,,,,,,,,,,Home
199,20,Sun,2024-01-14,,Sevilla,,,,Alavés,,Estadio Ramón Sánchez Pizjuán,,,,,,,,,,Home
200,21,Sun,2024-01-21,,Alavés,,,,Cádiz,,Estadio de Mendizorroza,,,,,,,,,,Home
201,21,Sun,2024-01-21,,Betis,,,,Barcelona,,Estadio Benito Villamarín,,,,,,,,,,Home
202,21,Sun,2024-01-21,,Celta Vigo,,,,Real Sociedad,,Estadio de Balaídos,,,,,,,,,,Home
203,21,Sun,2024-01-21,,Girona,,,,Sevilla,,Estadi Municipal de Montilivi,,,,,,,,,,Home
204,21,Sun,2024-01-21,,Granada,,,,Atlético Madrid,,Estadio Nuevo Los Cármenes,,,,,,,,,,Home
205,21,Sun,2024-01-21,,Osasuna,,,,Getafe,,Estadio El Sadar,,,,,,,,,,Home
206,21,Sun,2024-01-21,,Rayo Vallecano,,,,Las Palmas,,Estadio del Rayo Vallecano,,,,,,,,,,Home
207,21,Sun,2024-01-21,,Real Madrid,,,,Almería,,Estadio Santiago Bernabéu,,,,,,,,,,Home
208,21,Sun,2024-01-21,,Valencia,,,,Athletic Club,,Estadio de Mestalla,,,,,,,,,,Home
209,21,Sun,2024-01-21,,Villarreal,,,,Mallorca,,Estadio de la Cerámica,,,,,,,,,,Home
210,22,Sun,2024-01-28,,Almería,,,,Alavés,,Power Horse Stadium,,,,,,,,,,Home
211,22,Sun,2024-01-28,,Atlético Madrid,,,,Valencia,,Estadio Cívitas Metropolitano,,,,,,,,,,Home
212,22,Sun,2024-01-28,,Barcelona,,,,Villarreal,,Estadi Olímpic Lluís Companys,,,,,,,,,,Home
213,22,Sun,2024-01-28,,Celta Vigo,,,,Girona,,Estadio de Balaídos,,,,,,,,,,Home
214,22,Sun,2024-01-28,,Cádiz,,,,Athletic Club,,Estadio Nuevo Mirandilla,,,,,,,,,,Home
215,22,Sun,2024-01-28,,Getafe,,,,Granada,,Coliseum Alfonso Pérez,,,,,,,,,,Home
216,22,Sun,2024-01-28,,Las Palmas,,,,Real Madrid,,Estadio de Gran Canaria,,,,,,,,,,Home
217,22,Sun,2024-01-28,,Mallorca,,,,Betis,,Iberostar Estadi,,,,,,,,,,Home
218,22,Sun,2024-01-28,,Real Sociedad,,,,Rayo Vallecano,,Reale Arena,,,,,,,,,,Home
219,22,Sun,2024-01-28,,Sevilla,,,,Osasuna,,Estadio Ramón Sánchez Pizjuán,,,,,,,,,,Home
220,23,Sun,2024-02-04,,Alavés,,,,Barcelona,,Estadio de Mendizorroza,,,,,,,,,,Home
221,23,Sun,2024-02-04,,Athletic Club,,,,Mallorca,,San Mamés,,,,,,,,,,Home
222,23,Sun,2024-02-04,,Betis,,,,Getafe,,Estadio Benito Villamarín,,,,,,,,,,Home
223,23,Sun,2024-02-04,,Girona,,,,Real Sociedad,,Estadi Municipal de Montilivi,,,,,,,,,,Home
224,23,Sun,2024-02-04,,Granada,,,,Las Palmas,,Estadio Nuevo Los Cármenes,,,,,,,,,,Home
225,23,Sun,2024-02-04,,Osasuna,,,,Celta Vigo,,Estadio El Sadar,,,,,,,,,,Home
226,23,Sun,2024-02-04,,Rayo Vallecano,,,,Sevilla,,Estadio del Rayo Vallecano,,,,,,,,,,Home
227,23,Sun,2024-02-04,,Real Madrid,,,,Atlético Madrid,,Estadio Santiago Bernabéu,,,,,,,,,,Home
228,23,Sun,2024-02-04,,Valencia,,,,Almería,,Estadio de Mestalla,,,,,,,,,,Home
229,23,Sun,2024-02-04,,Villarreal,,,,Cádiz,,Estadio de la Cerámica,,,,,,,,,,Home
230,24,Sun,2024-02-11,,Alavés,,,,Villarreal,,Estadio de Mendizorroza,,,,,,,,,,Home
231,24,Sun,2024-02-11,,Almería,,,,Athletic Club,,Power Horse Stadium,,,,,,,,,,Home
232,24,Sun,2024-02-11,,Barcelona,,,,Granada,,Estadi Olímpic Lluís Companys,,,,,,,,,,Home
233,24,Sun,2024-02-11,,Cádiz,,,,Betis,,Estadio Nuevo Mirandilla,,,,,,,,,,Home
234,24,Sun,2024-02-11,,Getafe,,,,Celta Vigo,,Coliseum Alfonso Pérez,,,,,,,,,,Home
235,24,Sun,2024-02-11,,Las Palmas,,,,Valencia,,Estadio de Gran Canaria,,,,,,,,,,Home
236,24,Sun,2024-02-11,,Mallorca,,,,Rayo Vallecano,,Iberostar Estadi,,,,,,,,,,Home
237,24,Sun,2024-02-11,,Real Madrid,,,,Girona,,Estadio Santiago Bernabéu,,,,,,,,,,Home
238,24,Sun,2024-02-11,,Real Sociedad,,,,Osasuna,,Reale Arena,,,,,,,,,,Home
239,24,Sun,2024-02-11,,Sevilla,,,,Atlético Madrid,,Estadio Ramón Sánchez Pizjuán,,,,,,,,,,Home
240,25,Sun,2024-02-18,,Athletic Club,,,,Girona,,San Mamés,,,,,,,,,,Home
241,25,Sun,2024-02-18,,Atlético Madrid,,,,Las Palmas,,Estadio Cívitas Metropolitano,,,,,,,,,,Home
242,25,Sun,2024-02-18,,Betis,,,,Alavés,,Estadio Benito Villamarín,,,,,,,,,,Home
243,25,Sun,2024-02-18,,Celta Vigo,,,,Barcelona,,Estadio de Balaídos,,,,,,,,,,Home
244,25,Sun,2024-02-18,,Granada,,,,Almería,,Estadio Nuevo Los Cármenes,,,,,,,,,,Home
245,25,Sun,2024-02-18,,Mallorca,,,,Real Sociedad,,Iberostar Estadi,,,,,,,,,,Home
246,25,Sun,2024-02-18,,Osasuna,,,,Cádiz,,Estadio El Sadar,,,,,,,,,,Home
247,25,Sun,2024-02-18,,Rayo Vallecano,,,,Real Madrid,,Estadio del Rayo Vallecano,,,,,,,,,,Home
248,25,Sun,2024-02-18,,Valencia,,,,Sevilla,,Estadio de Mestalla,,,,,,,,,,Home
249,25,Sun,2024-02-18,,Villarreal,,,,Getafe,,Estadio de la Cerámica,,,,,,,,,,Home
250,26,Sun,2024-02-25,,Alavés,,,,Mallorca,,Estadio de Mendizorroza,,,,,,,,,,Home
251,26,Sun,2024-02-25,,Almería,,,,Atlético Madrid,,Power Horse Stadium,,,,,,,,,,Home
252,26,Sun,2024-02-25,,Barcelona,,,,Getafe,,Estadi Olímpic Lluís Companys,,,,,,,,,,Home
253,26,Sun,2024-02-25,,Betis,,,,Athletic Club,,Estadio Benito Villamarín,,,,,,,,,,Home
254,26,Sun,2024-02-25,,Cádiz,,,,Celta Vigo,,Estadio Nuevo Mirandilla,,,,,,,,,,Home
255,26,Sun,2024-02-25,,Girona,,,,Rayo Vallecano,,Estadi Municipal de Montilivi,,,,,,,,,,Home
256,26,Sun,2024-02-25,,Granada,,,,Valencia,,Estadio Nuevo Los Cármenes,,,,,,,,,,Home
257,26,Sun,2024-02-25,,Las Palmas,,,,Osasuna,,Estadio de Gran Canaria,,,,,,,,,,Home
258,26,Sun,2024-02-25,,Real Madrid,,,,Sevilla,,Estadio Santiago Bernabéu,,,,,,,,,,Home
259,26,Sun,2024-02-25,,Real Sociedad,,,,Villarreal,,Reale Arena,,,,,,,,,,Home
260,27,Sun,2024-03-03,,Athletic Club,,,,Barcelona,,San Mamés,,,,,,,,,,Home
261,27,Sun,2024-03-03,,Atlético Madrid,,,,Betis,,Estadio Cívitas Metropolitano,,,,,,,,,,Home
262,27,Sun,2024-03-03,,Celta Vigo,,,,Almería,,Estadio de Balaídos,,,,,,,,,,Home
263,27,Sun,2024-03-03,,Getafe,,,,Las Palmas,,Coliseum Alfonso Pérez,,,,,,,,,,Home
264,27,Sun,2024-03-03,,Mallorca,,,,Girona,,Iberostar Estadi,,,,,,,,,,Home
265,27,Sun,2024-03-03,,Osasuna,,,,Alavés,,Estadio El Sadar,,,,,,,,,,Home
266,27,Sun,2024-03-03,,Rayo Vallecano,,,,Cádiz,,Estadio del Rayo Vallecano,,,,,,,,,,Home
267,27,Sun,2024-03-03,,Sevilla,,,,Real Sociedad,,Estadio Ramón Sánchez Pizjuán,,,,,,,,,,Home
268,27,Sun,2024-03-03,,Valencia,,,,Real Madrid,,Estadio de Mestalla,,,,,,,,,,Home
269,27,Sun,2024-03-03,,Villarreal,,,,Granada,,Estadio de la Cerámica,,,,,,,,,,Home
270,28,Sun,2024-03-10,,Alavés,,,,Rayo Vallecano,,Estadio de Mendizorroza,,,,,,,,,,Home
271,28,Sun,2024-03-10,,Almería,,,,Sevilla,,Power Horse Stadium,,,,,,,,,,Home
272,28,Sun,2024-03-10,,Barcelona,,,,Mallorca,,Estadi Olímpic Lluís Companys,,,,,,,,,,Home
273,28,Sun,2024-03-10,,Betis,,,,Villarreal,,Estadio Benito Villamarín,,,,,,,,,,Home
274,28,Sun,2024-03-10,,Cádiz,,,,Atlético Madrid,,Estadio Nuevo Mirandilla,,,,,,,,,,Home
275,28,Sun,2024-03-10,,Girona,,,,Osasuna,,Estadi Municipal de Montilivi,,,,,,,,,,Home
276,28,Sun,2024-03-10,,Granada,,,,Real Sociedad,,Estadio Nuevo Los Cármenes,,,,,,,,,,Home
277,28,Sun,2024-03-10,,Las Palmas,,,,Athletic Club,,Estadio de Gran Canaria,,,,,,,,,,Home
278,28,Sun,2024-03-10,,Real Madrid,,,,Celta Vigo,,Estadio Santiago Bernabéu,,,,,,,,,,Home
279,28,Sun,2024-03-10,,Valencia,,,,Getafe,,Estadio de Mestalla,,,,,,,,,,Home
280,29,Sun,2024-03-17,,Athletic Club,,,,Alavés,,San Mamés,,,,,,,,,,Home
281,29,Sun,2024-03-17,,Atlético Madrid,,,,Barcelona,,Estadio Cívitas Metropolitano,,,,,,,,,,Home
282,29,Sun,2024-03-17,,Getafe,,,,Girona,,Coliseum Alfonso Pérez,,,,,,,,,,Home
283,29,Sun,2024-03-17,,Las Palmas,,,,Almería,,Estadio de Gran Canaria,,,,,,,,,,Home
284,29,Sun,2024-03-17,,Mallorca,,,,Granada,,Iberostar Estadi,,,,,,,,,,Home
285,29,Sun,2024-03-17,,Osasuna,,,,Real Madrid,,Estadio El Sadar,,,,,,,,,,Home
286,29,Sun,2024-03-17,,Rayo Vallecano,,,,Betis,,Estadio del Rayo Vallecano,,,,,,,,,,Home
287,29,Sun,2024-03-17,,Real Sociedad,,,,Cádiz,,Reale Arena,,,,,,,,,,Home
288,29,Sun,2024-03-17,,Sevilla,,,,Celta Vigo,,Estadio Ramón Sánchez Pizjuán,,,,,,,,,,Home
289,29,Sun,2024-03-17,,Villarreal,,,,Valencia,,Estadio de la Cerámica,,,,,,,,,,Home
290,30,Sun,2024-03-31,,Alavés,,,,Real Sociedad,,Estadio de Mendizorroza,,,,,,,,,,Home
291,30,Sun,2024-03-31,,Almería,,,,Osasuna,,Power Horse Stadium,,,,,,,,,,Home
292,30,Sun,2024-03-31,,Barcelona,,,,Las Palmas,,Estadi Olímpic Lluís Companys,,,,,,,,,,Home
293,30,Sun,2024-03-31,,Celta Vigo,,,,Rayo Vallecano,,Estadio de Balaídos,,,,,,,,,,Home
294,30,Sun,2024-03-31,,Cádiz,,,,Granada,,Estadio Nuevo Mirandilla,,,,,,,,,,Home
295,30,Sun,2024-03-31,,Getafe,,,,Sevilla,,Coliseum Alfonso Pérez,,,,,,,,,,Home
296,30,Sun,2024-03-31,,Girona,,,,Betis,,Estadi Municipal de Montilivi,,,,,,,,,,Home
297,30,Sun,2024-03-31,,Real Madrid,,,,Athletic Club,,Estadio Santiago Bernabéu,,,,,,,,,,Home
298,30,Sun,2024-03-31,,Valencia,,,,Mallorca,,Estadio de Mestalla,,,,,,,,,,Home
299,30,Sun,2024-03-31,,Villarreal,,,,Atlético Madrid,,Estadio de la Cerámica,,,,,,,,,,Home
300,31,Sun,2024-04-14,,Athletic Club,,,,Villarreal,,San Mamés,,,,,,,,,,Home
301,31,Sun,2024-04-14,,Atlético Madrid,,,,Girona,,Estadio Cívitas Metropolitano,,,,,,,,,,Home
302,31,Sun,2024-04-14,,Betis,,,,Celta Vigo,,Estadio Benito Villamarín,,,,,,,,,,Home
303,31,Sun,2024-04-14,,Cádiz,,,,Barcelona,,Estadio Nuevo Mirandilla,,,,,,,,,,Home
304,31,Sun,2024-04-14,,Granada,,,,Alavés,,Estadio Nuevo Los Cármenes,,,,,,,,,,Home
305,31,Sun,2024-04-14,,Las Palmas,,,,Sevilla,,Estadio de Gran Canaria,,,,,,,,,,Home
306,31,Sun,2024-04-14,,Mallorca,,,,Real Madrid,,Iberostar Estadi,,,,,,,,,,Home
307,31,Sun,2024-04-14,,Osasuna,,,,Valencia,,Estadio El Sadar,,,,,,,,,,Home
308,31,Sun,2024-04-14,,Rayo Vallecano,,,,Getafe,,Estadio del Rayo Vallecano,,,,,,,,,,Home
309,31,Sun,2024-04-14,,Real Sociedad,,,,Almería,,Reale Arena,,,,,,,,,,Home
310,32,Sun,2024-04-21,,Alavés,,,,Atlético Madrid,,Estadio de Mendizorroza,,,,,,,,,,Home
311,32,Sun,2024-04-21,,Almería,,,,Villarreal,,Power Horse Stadium,,,,,,,,,,Home
312,32,Sun,2024-04-21,,Athletic Club,,,,Granada,,San Mamés,,,,,,,,,,Home
313,32,Sun,2024-04-21,,Celta Vigo,,,,Las Palmas,,Estadio de Balaídos,,,,,,,,,,Home
314,32,Sun,2024-04-21,,Getafe,,,,Real Sociedad,,Coliseum Alfonso Pérez,,,,,,,,,,Home
315,32,Sun,2024-04-21,,Girona,,,,Cádiz,,Estadi Municipal de Montilivi,,,,,,,,,,Home
316,32,Sun,2024-04-21,,Rayo Vallecano,,,,Osasuna,,Estadio del Rayo Vallecano,,,,,,,,,,Home
317,32,Sun,2024-04-21,,Real Madrid,,,,Barcelona,,Estadio Santiago Bernabéu,,,,,,,,,,Home
318,32,Sun,2024-04-21,,Sevilla,,,,Mallorca,,Estadio Ramón Sánchez Pizjuán,,,,,,,,,,Home
319,32,Sun,2024-04-21,,Valencia,,,,Betis,,Estadio de Mestalla,,,,,,,,,,Home
320,33,Sun,2024-04-28,,Alavés,,,,Celta Vigo,,Estadio de Mendizorroza,,,,,,,,,,Home
321,33,Sun,2024-04-28,,Almería,,,,Getafe,,Power Horse Stadium,,,,,,,,,,Home
322,33,Sun,2024-04-28,,Atlético Madrid,,,,Athletic Club,,Estadio Cívitas Metropolitano,,,,,,,,,,Home
323,33,Sun,2024-04-28,,Barcelona,,,,Valencia,,Estadi Olímpic Lluís Companys,,,,,,,,,,Home
324,33,Sun,2024-04-28,,Betis,,,,Sevilla,,Estadio Benito Villamarín,,,,,,,,,,Home
325,33,Sun,2024-04-28,,Cádiz,,,,Mallorca,,Estadio Nuevo Mirandilla,,,,,,,,,,Home
326,33,Sun,2024-04-28,,Granada,,,,Osasuna,,Estadio Nuevo Los Cármenes,,,,,,,,,,Home
327,33,Sun,2024-04-28,,Las Palmas,,,,Girona,,Estadio de Gran Canaria,,,,,,,,,,Home
328,33,Sun,2024-04-28,,Real Sociedad,,,,Real Madrid,,Reale Arena,,,,,,,,,,Home
329,33,Sun,2024-04-28,,Villarreal,,,,Rayo Vallecano,,Estadio de la Cerámica,,,,,,,,,,Home
330,34,Sun,2024-05-05,,Celta Vigo,,,,Villarreal,,Estadio de Balaídos,,,,,,,,,,Home
331,34,Sun,2024-05-05,,Getafe,,,,Athletic Club,,Coliseum Alfonso Pérez,,,,,,,,,,Home
332,34,Sun,2024-05-05,,Girona,,,,Barcelona,,Estadi Municipal de Montilivi,,,,,,,,,,Home
333,34,Sun,2024-05-05,,Mallorca,,,,Atlético Madrid,,Iberostar Estadi,,,,,,,,,,Home
334,34,Sun,2024-05-05,,Osasuna,,,,Betis,,Estadio El Sadar,,,,,,,,,,Home
335,34,Sun,2024-05-05,,Rayo Vallecano,,,,Almería,,Estadio del Rayo Vallecano,,,,,,,,,,Home
336,34,Sun,2024-05-05,,Real Madrid,,,,Cádiz,,Estadio Santiago Bernabéu,,,,,,,,,,Home
337,34,Sun,2024-05-05,,Real Sociedad,,,,Las Palmas,,Reale Arena,,,,,,,,,,Home
338,34,Sun,2024-05-05,,Sevilla,,,,Granada,,Estadio Ramón Sánchez Pizjuán,,,,,,,,,,Home
339,34,Sun,2024-05-05,,Valencia,,,,Alavés,,Estadio de Mestalla,,,,,,,,,,Home
340,35,Sun,2024-05-12,,Alavés,,,,Girona,,Estadio de Mendizorroza,,,,,,,,,,Home
341,35,Sun,2024-05-12,,Athletic Club,,,,Osasuna,,San Mamés,,,,,,,,,,Home
342,35,Sun,2024-05-12,,Atlético Madrid,,,,Celta Vigo,,Estadio Cívitas Metropolitano,,,,,,,,,,Home
343,35,Sun,2024-05-12,,Barcelona,,,,Real Sociedad,,Estadi Olímpic Lluís Companys,,,,,,,,,,Home
344,35,Sun,2024-05-12,,Betis,,,,Almería,,Estadio Benito Villamarín,,,,,,,,,,Home
345,35,Sun,2024-05-12,,Cádiz,,,,Getafe,,Estadio Nuevo Mirandilla,,,,,,,,,,Home
346,35,Sun,2024-05-12,,Granada,,,,Real Madrid,,Estadio Nuevo Los Cármenes,,,,,,,,,,Home
347,35,Sun,2024-05-12,,Mallorca,,,,Las Palmas,,Iberostar Estadi,,,,,,,,,,Home
348,35,Sun,2024-05-12,,Valencia,,,,Rayo Vallecano,,Estadio de Mestalla,,,,,,,,,,Home
349,35,Sun,2024-05-12,,Villarreal,,,,Sevilla,,Estadio de la Cerámica,,,,,,,,,,Home
350,36,Wed,2024-05-15,,Almería,,,,Barcelona,,Power Horse Stadium,,,,,,,,,,Home
351,36,Wed,2024-05-15,,Celta Vigo,,,,Athletic Club,,Estadio de Balaídos,,,,,,,,,,Home
352,36,Wed,2024-05-15,,Getafe,,,,Atlético Madrid,,Coliseum Alfonso Pérez,,,,,,,,,,Home
353,36,Wed,2024-05-15,,Girona,,,,Villarreal,,Estadi Municipal de Montilivi,,,,,,,,,,Home
354,36,Wed,2024-05-15,,Las Palmas,,,,Betis,,Estadio de Gran Canaria,,,,,,,,,,Home
355,36,Wed,2024-05-15,,Osasuna,,,,Mallorca,,Estadio El Sadar,,,,,,,,,,Home
356,36,Wed,2024-05-15,,Rayo Vallecano,,,,Granada,,Estadio del Rayo Vallecano,,,,,,,,,,Home
357,36,Wed,2024-05-15,,Real Madrid,,,,Alavés,,Estadio Santiago Bernabéu,,,,,,,,,,Home
358,36,Wed,2024-05-15,,Real Sociedad,,,,Valencia,,Reale Arena,,,,,,,,,,Home
359,36,Wed,2024-05-15,,Sevilla,,,,Cádiz,,Estadio Ramón Sánchez Pizjuán,,,,,,,,,,Home
360,37,Sun,2024-05-19,,Alavés,,,,Getafe,,Estadio de Mendizorroza,,,,,,,,,,Home
361,37,Sun,2024-05-19,,Athletic Club,,,,Sevilla,,San Mamés,,,,,,,,,,Home
362,37,Sun,2024-05-19,,Atlético Madrid,,,,Osasuna,,Estadio Cívitas Metropolitano,,,,,,,,,,Home
363,37,Sun,2024-05-19,,Barcelona,,,,Rayo Vallecano,,Estadi Olímpic Lluís Companys,,,,,,,,,,Home
364,37,Sun,2024-05-19,,Betis,,,,Real Sociedad,,Estadio Benito Villamarín,,,,,,,,,,Home
365,37,Sun,2024-05-19,,Cádiz,,,,Las Palmas,,Estadio Nuevo Mirandilla,,,,,,,,,,Home
366,37,Sun,2024-05-19,,Granada,,,,Celta Vigo,,Estadio Nuevo Los Cármenes,,,,,,,,,,Home
367,37,Sun,2024-05-19,,Mallorca,,,,Almería,,Iberostar Estadi,,,,,,,,,,Home
368,37,Sun,2024-05-19,,Valencia,,,,Girona,,Estadio de Mestalla,,,,,,,,,,Home
369,37,Sun,2024-05-19,,Villarreal,,,,Real Madrid,,Estadio de la Cerámica,,,,,,,,,,Home
370,38,Sun,2024-05-26,,Almería,,,,Cádiz,,Power Horse Stadium,,,,,,,,,,Home
371,38,Sun,2024-05-26,,Celta Vigo,,,,Valencia,,Estadio de Balaídos,,,,,,,,,,Home
372,38,Sun,2024-05-26,,Getafe,,,,Mallorca,,Coliseum Alfonso Pérez,,,,,,,,,,Home
373,38,Sun,2024-05-26,,Girona,,,,Granada,,Estadi Municipal de Montilivi,,,,,,,,,,Home
374,38,Sun,2024-05-26,,Las Palmas,,,,Alavés,,Estadio de Gran Canaria,,,,,,,,,,Home
375,38,Sun,2024-05-26,,Osasuna,,,,Villarreal,,Estadio El Sadar,,,,,,,,,,Home
376,38,Sun,2024-05-26,,Rayo Vallecano,,,,Athletic Club,,Estadio del Rayo Vallecano,,,,,,,,,,Home
377,38,Sun,2024-05-26,,Real Madrid,,,,Betis,,Estadio Santiago Bernabéu,,,,,,,,,,Home
378,38,Sun,2024-05-26,,Real Sociedad,,,,Atlético Madrid,,Reale Arena,,,,,,,,,,Home
379,38,Sun,2024-05-26,,Sevilla,,,,Barcelona,,Estadio Ramón Sánchez Pizjuán,,,,,,,,,,Home
